sample-timestep,class
323-0,0
323-1,7
323-2,3
323-3,0
323-4,5
323-5,1
323-6,8
323-7,6
323-8,4
323-9,5
323-10,0
323-11,8
323-12,5
323-13,0
323-14,2
323-15,2
323-16,5
323-17,2
323-18,0
323-19,0
323-20,5
323-21,8
323-22,1
323-23,7
323-24,8
323-25,3
323-26,0
323-27,3
323-28,8
323-29,7
323-30,7
323-31,4
323-32,7
323-33,1
323-34,7
323-35,8
323-36,4
323-37,8
323-38,8
323-39,6
323-40,4
323-41,8
323-42,6
323-43,6
323-44,4
323-45,3
323-46,1
323-47,7
323-48,1
323-49,7
323-50,8
323-51,0
323-52,4
323-53,1
323-54,1
323-55,8
323-56,3
323-57,6
323-58,8
323-59,2
323-60,6
323-61,4
323-62,6
323-63,3
323-64,6
323-65,4
323-66,3
323-67,1
323-68,1
323-69,7
323-70,6
323-71,1
323-72,4
323-73,5
323-74,5
323-75,3
323-76,1
323-77,1
323-78,5
323-79,1
323-80,6
323-81,2
323-82,0
323-83,7
323-84,3
323-85,2
323-86,5
323-87,1
323-88,7
323-89,1
323-90,4
323-91,4
323-92,7
323-93,7
323-94,5
323-95,7
323-96,6
323-97,1
323-98,2
323-99,8
324-0,7
324-1,3
324-2,4
324-3,6
324-4,8
324-5,2
324-6,8
324-7,7
324-8,5
324-9,4
324-10,4
324-11,5
324-12,1
324-13,0
324-14,6
324-15,4
324-16,3
324-17,4
324-18,8
324-19,4
324-20,4
324-21,0
324-22,0
324-23,2
324-24,1
324-25,3
324-26,4
324-27,4
324-28,6
324-29,0
324-30,3
324-31,2
324-32,1
324-33,5
324-34,1
324-35,8
324-36,4
324-37,2
324-38,8
324-39,3
324-40,5
324-41,0
324-42,2
324-43,2
324-44,4
324-45,7
324-46,2
324-47,6
324-48,5
324-49,5
324-50,6
324-51,6
324-52,6
324-53,5
324-54,1
324-55,5
324-56,7
324-57,4
324-58,8
324-59,1
324-60,0
324-61,8
324-62,4
324-63,7
324-64,7
324-65,0
324-66,1
324-67,6
324-68,1
324-69,7
324-70,5
324-71,4
324-72,0
324-73,4
324-74,3
324-75,3
324-76,1
324-77,7
324-78,7
324-79,6
324-80,6
324-81,6
324-82,5
324-83,8
324-84,2
324-85,8
324-86,4
324-87,8
324-88,5
324-89,4
324-90,8
324-91,5
324-92,2
324-93,8
324-94,5
324-95,6
324-96,7
324-97,6
324-98,7
324-99,0
325-0,0
325-1,0
325-2,2
325-3,6
325-4,7
325-5,5
325-6,4
325-7,5
325-8,4
325-9,3
325-10,5
325-11,8
325-12,8
325-13,1
325-14,6
325-15,4
325-16,4
325-17,6
325-18,2
325-19,1
325-20,2
325-21,2
325-22,2
325-23,6
325-24,2
325-25,8
325-26,0
325-27,3
325-28,4
325-29,4
325-30,3
325-31,6
325-32,5
325-33,6
325-34,4
325-35,4
325-36,3
325-37,2
325-38,6
325-39,7
325-40,3
325-41,8
325-42,4
325-43,3
325-44,6
325-45,4
325-46,5
325-47,3
325-48,1
325-49,4
325-50,6
325-51,0
325-52,7
325-53,2
325-54,6
325-55,8
325-56,8
325-57,0
325-58,2
325-59,1
325-60,0
325-61,0
325-62,4
325-63,8
325-64,4
325-65,7
325-66,2
325-67,1
325-68,1
325-69,6
325-70,0
325-71,7
325-72,8
325-73,1
325-74,7
325-75,5
325-76,5
325-77,4
325-78,8
325-79,6
325-80,1
325-81,0
325-82,0
325-83,1
325-84,2
325-85,6
325-86,7
325-87,2
325-88,2
325-89,4
325-90,5
325-91,2
325-92,2
325-93,3
325-94,4
325-95,8
325-96,3
325-97,3
325-98,1
325-99,5
326-0,2
326-1,5
326-2,6
326-3,1
326-4,8
326-5,5
326-6,0
326-7,6
326-8,4
326-9,8
326-10,6
326-11,1
326-12,3
326-13,3
326-14,1
326-15,7
326-16,3
326-17,4
326-18,4
326-19,0
326-20,2
326-21,7
326-22,8
326-23,3
326-24,4
326-25,1
326-26,3
326-27,2
326-28,1
326-29,6
326-30,6
326-31,3
326-32,2
326-33,7
326-34,3
326-35,4
326-36,5
326-37,3
326-38,3
326-39,1
326-40,5
326-41,4
326-42,3
326-43,1
326-44,2
326-45,3
326-46,5
326-47,0
326-48,5
326-49,6
326-50,4
326-51,8
326-52,3
326-53,5
326-54,8
326-55,1
326-56,0
326-57,4
326-58,5
326-59,8
326-60,0
326-61,6
326-62,4
326-63,4
326-64,6
326-65,3
326-66,6
326-67,4
326-68,4
326-69,8
326-70,0
326-71,6
326-72,0
326-73,6
326-74,1
326-75,4
326-76,8
326-77,0
326-78,6
326-79,7
326-80,1
326-81,5
326-82,3
326-83,0
326-84,8
326-85,5
326-86,7
326-87,3
326-88,7
326-89,5
326-90,3
326-91,7
326-92,8
326-93,6
326-94,4
326-95,6
326-96,5
326-97,0
326-98,4
326-99,1
327-0,8
327-1,1
327-2,3
327-3,4
327-4,1
327-5,1
327-6,7
327-7,6
327-8,7
327-9,4
327-10,4
327-11,5
327-12,7
327-13,2
327-14,6
327-15,4
327-16,5
327-17,7
327-18,6
327-19,7
327-20,1
327-21,5
327-22,6
327-23,3
327-24,3
327-25,6
327-26,7
327-27,5
327-28,3
327-29,5
327-30,3
327-31,1
327-32,7
327-33,1
327-34,3
327-35,1
327-36,3
327-37,6
327-38,1
327-39,0
327-40,7
327-41,4
327-42,2
327-43,1
327-44,8
327-45,7
327-46,0
327-47,0
327-48,3
327-49,3
327-50,2
327-51,6
327-52,8
327-53,4
327-54,2
327-55,5
327-56,4
327-57,1
327-58,7
327-59,5
327-60,5
327-61,2
327-62,6
327-63,2
327-64,1
327-65,6
327-66,1
327-67,6
327-68,0
327-69,5
327-70,8
327-71,7
327-72,1
327-73,4
327-74,6
327-75,7
327-76,4
327-77,7
327-78,8
327-79,4
327-80,2
327-81,3
327-82,2
327-83,3
327-84,2
327-85,3
327-86,3
327-87,5
327-88,6
327-89,6
327-90,5
327-91,7
327-92,0
327-93,7
327-94,4
327-95,4
327-96,3
327-97,2
327-98,2
327-99,6
328-0,1
328-1,7
328-2,8
328-3,2
328-4,8
328-5,3
328-6,8
328-7,5
328-8,8
328-9,0
328-10,3
328-11,7
328-12,5
328-13,2
328-14,4
328-15,7
328-16,4
328-17,3
328-18,5
328-19,6
328-20,2
328-21,0
328-22,6
328-23,3
328-24,7
328-25,0
328-26,8
328-27,0
328-28,3
328-29,1
328-30,8
328-31,4
328-32,2
328-33,4
328-34,0
328-35,4
328-36,3
328-37,7
328-38,2
328-39,4
328-40,4
328-41,0
328-42,7
328-43,6
328-44,4
328-45,3
328-46,1
328-47,2
328-48,4
328-49,3
328-50,3
328-51,2
328-52,6
328-53,3
328-54,1
328-55,3
328-56,3
328-57,3
328-58,6
328-59,4
328-60,3
328-61,7
328-62,4
328-63,6
328-64,5
328-65,4
328-66,4
328-67,8
328-68,0
328-69,8
328-70,1
328-71,0
328-72,2
328-73,2
328-74,6
328-75,0
328-76,4
328-77,2
328-78,3
328-79,7
328-80,4
328-81,1
328-82,3
328-83,3
328-84,0
328-85,6
328-86,1
328-87,2
328-88,0
328-89,2
328-90,0
328-91,0
328-92,0
328-93,6
328-94,0
328-95,5
328-96,7
328-97,2
328-98,4
328-99,8
329-0,1
329-1,6
329-2,4
329-3,3
329-4,5
329-5,8
329-6,4
329-7,4
329-8,5
329-9,8
329-10,3
329-11,0
329-12,2
329-13,3
329-14,0
329-15,6
329-16,7
329-17,1
329-18,1
329-19,2
329-20,8
329-21,5
329-22,8
329-23,5
329-24,8
329-25,7
329-26,6
329-27,6
329-28,0
329-29,6
329-30,6
329-31,3
329-32,3
329-33,0
329-34,2
329-35,3
329-36,2
329-37,4
329-38,3
329-39,7
329-40,0
329-41,4
329-42,7
329-43,7
329-44,7
329-45,2
329-46,8
329-47,4
329-48,5
329-49,4
329-50,8
329-51,4
329-52,6
329-53,5
329-54,8
329-55,2
329-56,1
329-57,8
329-58,0
329-59,8
329-60,6
329-61,1
329-62,6
329-63,1
329-64,0
329-65,2
329-66,6
329-67,6
329-68,7
329-69,1
329-70,3
329-71,1
329-72,7
329-73,4
329-74,1
329-75,2
329-76,7
329-77,4
329-78,5
329-79,7
329-80,5
329-81,6
329-82,7
329-83,0
329-84,5
329-85,2
329-86,0
329-87,8
329-88,8
329-89,4
329-90,6
329-91,7
329-92,3
329-93,2
329-94,5
329-95,0
329-96,8
329-97,2
329-98,3
329-99,7
330-0,4
330-1,3
330-2,2
330-3,3
330-4,2
330-5,2
330-6,1
330-7,5
330-8,8
330-9,1
330-10,7
330-11,1
330-12,6
330-13,6
330-14,8
330-15,3
330-16,5
330-17,8
330-18,2
330-19,0
330-20,5
330-21,5
330-22,2
330-23,2
330-24,4
330-25,8
330-26,2
330-27,6
330-28,7
330-29,0
330-30,8
330-31,6
330-32,3
330-33,2
330-34,2
330-35,5
330-36,6
330-37,5
330-38,4
330-39,5
330-40,4
330-41,4
330-42,2
330-43,3
330-44,5
330-45,6
330-46,4
330-47,2
330-48,0
330-49,8
330-50,3
330-51,1
330-52,0
330-53,8
330-54,0
330-55,5
330-56,4
330-57,3
330-58,7
330-59,4
330-60,7
330-61,8
330-62,2
330-63,1
330-64,6
330-65,4
330-66,3
330-67,0
330-68,3
330-69,8
330-70,7
330-71,0
330-72,6
330-73,6
330-74,4
330-75,8
330-76,2
330-77,8
330-78,7
330-79,3
330-80,6
330-81,3
330-82,3
330-83,3
330-84,6
330-85,5
330-86,7
330-87,7
330-88,0
330-89,8
330-90,8
330-91,1
330-92,8
330-93,6
330-94,2
330-95,4
330-96,1
330-97,4
330-98,7
330-99,4
331-0,4
331-1,1
331-2,0
331-3,3
331-4,8
331-5,8
331-6,6
331-7,1
331-8,6
331-9,2
331-10,2
331-11,6
331-12,1
331-13,6
331-14,8
331-15,5
331-16,4
331-17,5
331-18,1
331-19,5
331-20,2
331-21,7
331-22,4
331-23,3
331-24,1
331-25,4
331-26,5
331-27,2
331-28,0
331-29,3
331-30,4
331-31,2
331-32,2
331-33,5
331-34,8
331-35,5
331-36,8
331-37,8
331-38,3
331-39,5
331-40,0
331-41,6
331-42,6
331-43,5
331-44,5
331-45,3
331-46,5
331-47,8
331-48,2
331-49,2
331-50,8
331-51,1
331-52,8
331-53,0
331-54,7
331-55,4
331-56,8
331-57,5
331-58,5
331-59,3
331-60,8
331-61,3
331-62,8
331-63,4
331-64,7
331-65,2
331-66,6
331-67,8
331-68,7
331-69,2
331-70,1
331-71,4
331-72,3
331-73,3
331-74,5
331-75,2
331-76,1
331-77,7
331-78,4
331-79,2
331-80,1
331-81,6
331-82,8
331-83,3
331-84,7
331-85,3
331-86,7
331-87,5
331-88,7
331-89,3
331-90,7
331-91,6
331-92,5
331-93,7
331-94,2
331-95,0
331-96,1
331-97,0
331-98,0
331-99,4
332-0,6
332-1,2
332-2,8
332-3,7
332-4,1
332-5,5
332-6,2
332-7,3
332-8,8
332-9,4
332-10,4
332-11,2
332-12,0
332-13,3
332-14,4
332-15,1
332-16,4
332-17,5
332-18,7
332-19,4
332-20,5
332-21,2
332-22,2
332-23,8
332-24,4
332-25,1
332-26,4
332-27,1
332-28,6
332-29,8
332-30,6
332-31,4
332-32,8
332-33,6
332-34,0
332-35,4
332-36,6
332-37,0
332-38,0
332-39,2
332-40,4
332-41,0
332-42,2
332-43,6
332-44,5
332-45,4
332-46,8
332-47,1
332-48,1
332-49,6
332-50,6
332-51,0
332-52,4
332-53,1
332-54,1
332-55,0
332-56,1
332-57,8
332-58,4
332-59,7
332-60,1
332-61,6
332-62,8
332-63,1
332-64,8
332-65,2
332-66,7
332-67,3
332-68,6
332-69,6
332-70,4
332-71,8
332-72,0
332-73,6
332-74,8
332-75,8
332-76,5
332-77,5
332-78,3
332-79,2
332-80,3
332-81,1
332-82,0
332-83,1
332-84,1
332-85,4
332-86,1
332-87,3
332-88,6
332-89,6
332-90,5
332-91,0
332-92,0
332-93,4
332-94,3
332-95,5
332-96,0
332-97,6
332-98,1
332-99,1
333-0,5
333-1,3
333-2,3
333-3,2
333-4,7
333-5,0
333-6,3
333-7,6
333-8,5
333-9,2
333-10,8
333-11,4
333-12,8
333-13,1
333-14,4
333-15,0
333-16,6
333-17,4
333-18,7
333-19,8
333-20,0
333-21,7
333-22,1
333-23,7
333-24,2
333-25,2
333-26,5
333-27,0
333-28,1
333-29,3
333-30,2
333-31,0
333-32,3
333-33,5
333-34,7
333-35,2
333-36,0
333-37,4
333-38,3
333-39,7
333-40,2
333-41,1
333-42,3
333-43,2
333-44,3
333-45,7
333-46,2
333-47,8
333-48,0
333-49,7
333-50,3
333-51,1
333-52,4
333-53,3
333-54,0
333-55,2
333-56,4
333-57,6
333-58,3
333-59,5
333-60,6
333-61,3
333-62,8
333-63,5
333-64,4
333-65,1
333-66,8
333-67,6
333-68,2
333-69,0
333-70,1
333-71,8
333-72,2
333-73,2
333-74,3
333-75,8
333-76,4
333-77,5
333-78,5
333-79,6
333-80,6
333-81,5
333-82,4
333-83,0
333-84,7
333-85,0
333-86,3
333-87,7
333-88,7
333-89,8
333-90,4
333-91,4
333-92,7
333-93,8
333-94,7
333-95,1
333-96,6
333-97,6
333-98,0
333-99,3
334-0,6
334-1,2
334-2,0
334-3,6
334-4,3
334-5,4
334-6,4
334-7,7
334-8,1
334-9,4
334-10,8
334-11,6
334-12,8
334-13,3
334-14,4
334-15,1
334-16,3
334-17,2
334-18,2
334-19,8
334-20,7
334-21,0
334-22,7
334-23,7
334-24,1
334-25,4
334-26,1
334-27,3
334-28,2
334-29,1
334-30,3
334-31,1
334-32,7
334-33,6
334-34,8
334-35,0
334-36,1
334-37,0
334-38,5
334-39,1
334-40,6
334-41,0
334-42,1
334-43,4
334-44,8
334-45,6
334-46,0
334-47,6
334-48,3
334-49,8
334-50,1
334-51,1
334-52,1
334-53,8
334-54,4
334-55,5
334-56,2
334-57,7
334-58,0
334-59,4
334-60,0
334-61,1
334-62,6
334-63,0
334-64,1
334-65,0
334-66,6
334-67,1
334-68,5
334-69,4
334-70,3
334-71,7
334-72,8
334-73,7
334-74,7
334-75,1
334-76,5
334-77,3
334-78,4
334-79,4
334-80,6
334-81,8
334-82,0
334-83,5
334-84,0
334-85,3
334-86,7
334-87,4
334-88,3
334-89,7
334-90,4
334-91,7
334-92,8
334-93,5
334-94,3
334-95,3
334-96,2
334-97,1
334-98,8
334-99,8
335-0,0
335-1,7
335-2,1
335-3,5
335-4,5
335-5,8
335-6,5
335-7,2
335-8,3
335-9,6
335-10,0
335-11,7
335-12,7
335-13,4
335-14,6
335-15,8
335-16,2
335-17,3
335-18,3
335-19,2
335-20,1
335-21,4
335-22,7
335-23,6
335-24,5
335-25,4
335-26,6
335-27,0
335-28,0
335-29,4
335-30,8
335-31,6
335-32,6
335-33,2
335-34,8
335-35,7
335-36,7
335-37,5
335-38,3
335-39,0
335-40,7
335-41,8
335-42,6
335-43,7
335-44,6
335-45,7
335-46,0
335-47,7
335-48,8
335-49,7
335-50,3
335-51,0
335-52,8
335-53,2
335-54,8
335-55,3
335-56,0
335-57,2
335-58,3
335-59,3
335-60,4
335-61,0
335-62,8
335-63,6
335-64,6
335-65,8
335-66,8
335-67,0
335-68,8
335-69,4
335-70,2
335-71,8
335-72,6
335-73,8
335-74,4
335-75,7
335-76,7
335-77,3
335-78,5
335-79,2
335-80,1
335-81,3
335-82,7
335-83,6
335-84,1
335-85,3
335-86,1
335-87,0
335-88,5
335-89,0
335-90,1
335-91,0
335-92,4
335-93,7
335-94,4
335-95,8
335-96,0
335-97,8
335-98,6
335-99,2
336-0,6
336-1,1
336-2,7
336-3,0
336-4,3
336-5,2
336-6,5
336-7,5
336-8,5
336-9,0
336-10,5
336-11,4
336-12,2
336-13,4
336-14,2
336-15,4
336-16,2
336-17,8
336-18,0
336-19,0
336-20,5
336-21,6
336-22,5
336-23,1
336-24,4
336-25,2
336-26,6
336-27,1
336-28,0
336-29,0
336-30,5
336-31,4
336-32,6
336-33,7
336-34,1
336-35,1
336-36,5
336-37,0
336-38,5
336-39,2
336-40,6
336-41,4
336-42,8
336-43,3
336-44,3
336-45,5
336-46,2
336-47,6
336-48,7
336-49,3
336-50,6
336-51,4
336-52,2
336-53,0
336-54,6
336-55,4
336-56,7
336-57,8
336-58,0
336-59,8
336-60,7
336-61,4
336-62,3
336-63,8
336-64,0
336-65,5
336-66,1
336-67,6
336-68,3
336-69,8
336-70,6
336-71,5
336-72,7
336-73,1
336-74,4
336-75,5
336-76,5
336-77,7
336-78,2
336-79,7
336-80,2
336-81,2
336-82,3
336-83,3
336-84,0
336-85,8
336-86,8
336-87,4
336-88,8
336-89,3
336-90,0
336-91,0
336-92,2
336-93,7
336-94,4
336-95,2
336-96,7
336-97,8
336-98,2
336-99,6
337-0,8
337-1,7
337-2,4
337-3,7
337-4,2
337-5,2
337-6,5
337-7,4
337-8,8
337-9,0
337-10,4
337-11,0
337-12,4
337-13,4
337-14,7
337-15,4
337-16,5
337-17,2
337-18,1
337-19,0
337-20,2
337-21,1
337-22,0
337-23,0
337-24,1
337-25,4
337-26,8
337-27,6
337-28,2
337-29,7
337-30,2
337-31,7
337-32,1
337-33,7
337-34,0
337-35,8
337-36,8
337-37,0
337-38,5
337-39,1
337-40,5
337-41,5
337-42,2
337-43,2
337-44,6
337-45,7
337-46,0
337-47,2
337-48,1
337-49,7
337-50,6
337-51,6
337-52,1
337-53,5
337-54,8
337-55,1
337-56,3
337-57,1
337-58,6
337-59,0
337-60,2
337-61,0
337-62,6
337-63,2
337-64,3
337-65,8
337-66,7
337-67,6
337-68,6
337-69,6
337-70,2
337-71,4
337-72,1
337-73,4
337-74,3
337-75,8
337-76,5
337-77,3
337-78,5
337-79,5
337-80,8
337-81,0
337-82,4
337-83,6
337-84,7
337-85,5
337-86,3
337-87,0
337-88,5
337-89,0
337-90,0
337-91,5
337-92,2
337-93,1
337-94,6
337-95,6
337-96,2
337-97,6
337-98,0
337-99,8
338-0,3
338-1,4
338-2,6
338-3,8
338-4,5
338-5,1
338-6,0
338-7,1
338-8,3
338-9,3
338-10,2
338-11,7
338-12,2
338-13,8
338-14,1
338-15,7
338-16,5
338-17,0
338-18,1
338-19,2
338-20,4
338-21,7
338-22,7
338-23,0
338-24,6
338-25,3
338-26,3
338-27,4
338-28,8
338-29,8
338-30,5
338-31,1
338-32,6
338-33,2
338-34,7
338-35,4
338-36,3
338-37,5
338-38,8
338-39,4
338-40,7
338-41,2
338-42,5
338-43,7
338-44,3
338-45,3
338-46,3
338-47,4
338-48,4
338-49,8
338-50,8
338-51,2
338-52,5
338-53,0
338-54,0
338-55,7
338-56,3
338-57,5
338-58,4
338-59,1
338-60,6
338-61,2
338-62,3
338-63,3
338-64,3
338-65,4
338-66,4
338-67,6
338-68,5
338-69,3
338-70,0
338-71,8
338-72,0
338-73,7
338-74,0
338-75,7
338-76,1
338-77,8
338-78,0
338-79,1
338-80,2
338-81,5
338-82,1
338-83,5
338-84,0
338-85,1
338-86,8
338-87,0
338-88,3
338-89,4
338-90,1
338-91,8
338-92,2
338-93,3
338-94,2
338-95,0
338-96,4
338-97,1
338-98,1
338-99,0
339-0,0
339-1,4
339-2,8
339-3,8
339-4,4
339-5,8
339-6,7
339-7,5
339-8,4
339-9,4
339-10,6
339-11,3
339-12,3
339-13,7
339-14,0
339-15,0
339-16,2
339-17,7
339-18,4
339-19,7
339-20,7
339-21,7
339-22,3
339-23,7
339-24,5
339-25,0
339-26,2
339-27,5
339-28,2
339-29,6
339-30,2
339-31,0
339-32,0
339-33,7
339-34,1
339-35,6
339-36,4
339-37,8
339-38,2
339-39,1
339-40,7
339-41,3
339-42,4
339-43,1
339-44,3
339-45,6
339-46,7
339-47,4
339-48,4
339-49,4
339-50,6
339-51,2
339-52,6
339-53,8
339-54,0
339-55,7
339-56,6
339-57,3
339-58,8
339-59,0
339-60,2
339-61,3
339-62,7
339-63,3
339-64,0
339-65,3
339-66,5
339-67,1
339-68,2
339-69,0
339-70,3
339-71,1
339-72,1
339-73,3
339-74,7
339-75,5
339-76,6
339-77,5
339-78,3
339-79,2
339-80,6
339-81,0
339-82,5
339-83,3
339-84,5
339-85,6
339-86,8
339-87,5
339-88,0
339-89,0
339-90,4
339-91,5
339-92,7
339-93,1
339-94,1
339-95,1
339-96,8
339-97,4
339-98,8
339-99,5
340-0,5
340-1,5
340-2,2
340-3,1
340-4,2
340-5,4
340-6,8
340-7,1
340-8,2
340-9,2
340-10,3
340-11,2
340-12,7
340-13,7
340-14,8
340-15,7
340-16,8
340-17,8
340-18,4
340-19,3
340-20,5
340-21,0
340-22,8
340-23,6
340-24,5
340-25,1
340-26,7
340-27,0
340-28,6
340-29,5
340-30,4
340-31,1
340-32,0
340-33,3
340-34,4
340-35,6
340-36,0
340-37,4
340-38,1
340-39,3
340-40,4
340-41,2
340-42,3
340-43,6
340-44,1
340-45,7
340-46,7
340-47,7
340-48,0
340-49,6
340-50,1
340-51,3
340-52,0
340-53,6
340-54,2
340-55,1
340-56,7
340-57,4
340-58,1
340-59,8
340-60,6
340-61,5
340-62,2
340-63,1
340-64,5
340-65,8
340-66,3
340-67,4
340-68,5
340-69,6
340-70,7
340-71,8
340-72,4
340-73,2
340-74,7
340-75,1
340-76,5
340-77,4
340-78,0
340-79,3
340-80,3
340-81,8
340-82,2
340-83,8
340-84,0
340-85,6
340-86,2
340-87,6
340-88,2
340-89,2
340-90,0
340-91,1
340-92,0
340-93,2
340-94,4
340-95,6
340-96,0
340-97,1
340-98,5
340-99,8
341-0,2
341-1,5
341-2,3
341-3,7
341-4,1
341-5,7
341-6,1
341-7,4
341-8,8
341-9,5
341-10,6
341-11,1
341-12,6
341-13,8
341-14,2
341-15,3
341-16,5
341-17,8
341-18,8
341-19,4
341-20,7
341-21,3
341-22,5
341-23,2
341-24,2
341-25,0
341-26,8
341-27,1
341-28,4
341-29,3
341-30,2
341-31,5
341-32,0
341-33,5
341-34,4
341-35,1
341-36,0
341-37,0
341-38,7
341-39,3
341-40,0
341-41,7
341-42,7
341-43,4
341-44,6
341-45,5
341-46,1
341-47,5
341-48,0
341-49,1
341-50,2
341-51,6
341-52,2
341-53,2
341-54,3
341-55,5
341-56,4
341-57,2
341-58,0
341-59,6
341-60,8
341-61,2
341-62,6
341-63,1
341-64,5
341-65,7
341-66,3
341-67,6
341-68,0
341-69,0
341-70,6
341-71,0
341-72,5
341-73,0
341-74,7
341-75,0
341-76,7
341-77,2
341-78,4
341-79,5
341-80,4
341-81,2
341-82,5
341-83,6
341-84,6
341-85,7
341-86,2
341-87,7
341-88,3
341-89,0
341-90,8
341-91,3
341-92,0
341-93,5
341-94,7
341-95,5
341-96,5
341-97,0
341-98,2
341-99,0
342-0,1
342-1,6
342-2,6
342-3,3
342-4,6
342-5,0
342-6,7
342-7,0
342-8,0
342-9,8
342-10,7
342-11,1
342-12,6
342-13,7
342-14,6
342-15,3
342-16,7
342-17,6
342-18,1
342-19,4
342-20,5
342-21,5
342-22,1
342-23,8
342-24,4
342-25,3
342-26,1
342-27,5
342-28,5
342-29,5
342-30,2
342-31,1
342-32,0
342-33,3
342-34,5
342-35,6
342-36,1
342-37,2
342-38,1
342-39,3
342-40,2
342-41,3
342-42,1
342-43,0
342-44,3
342-45,2
342-46,2
342-47,3
342-48,1
342-49,8
342-50,1
342-51,3
342-52,4
342-53,3
342-54,0
342-55,3
342-56,3
342-57,0
342-58,3
342-59,5
342-60,4
342-61,6
342-62,4
342-63,3
342-64,5
342-65,1
342-66,3
342-67,5
342-68,0
342-69,5
342-70,0
342-71,8
342-72,6
342-73,7
342-74,5
342-75,2
342-76,3
342-77,4
342-78,7
342-79,4
342-80,8
342-81,7
342-82,7
342-83,4
342-84,0
342-85,4
342-86,0
342-87,8
342-88,3
342-89,1
342-90,0
342-91,8
342-92,2
342-93,8
342-94,4
342-95,4
342-96,1
342-97,8
342-98,6
342-99,3
343-0,4
343-1,1
343-2,3
343-3,8
343-4,8
343-5,7
343-6,1
343-7,4
343-8,6
343-9,8
343-10,6
343-11,8
343-12,4
343-13,3
343-14,5
343-15,3
343-16,8
343-17,5
343-18,5
343-19,6
343-20,1
343-21,6
343-22,6
343-23,3
343-24,3
343-25,2
343-26,8
343-27,2
343-28,4
343-29,8
343-30,8
343-31,7
343-32,7
343-33,0
343-34,0
343-35,6
343-36,4
343-37,5
343-38,5
343-39,7
343-40,7
343-41,7
343-42,1
343-43,0
343-44,3
343-45,5
343-46,8
343-47,0
343-48,2
343-49,3
343-50,0
343-51,4
343-52,8
343-53,0
343-54,1
343-55,7
343-56,7
343-57,8
343-58,7
343-59,0
343-60,2
343-61,5
343-62,5
343-63,3
343-64,6
343-65,4
343-66,8
343-67,3
343-68,6
343-69,1
343-70,1
343-71,4
343-72,7
343-73,0
343-74,3
343-75,3
343-76,8
343-77,8
343-78,1
343-79,1
343-80,2
343-81,2
343-82,7
343-83,2
343-84,0
343-85,0
343-86,3
343-87,5
343-88,0
343-89,6
343-90,1
343-91,8
343-92,2
343-93,3
343-94,4
343-95,8
343-96,6
343-97,2
343-98,6
343-99,1
344-0,1
344-1,7
344-2,3
344-3,8
344-4,8
344-5,4
344-6,3
344-7,6
344-8,4
344-9,5
344-10,8
344-11,6
344-12,0
344-13,7
344-14,3
344-15,1
344-16,0
344-17,7
344-18,7
344-19,5
344-20,5
344-21,2
344-22,2
344-23,4
344-24,7
344-25,0
344-26,3
344-27,7
344-28,5
344-29,6
344-30,1
344-31,2
344-32,8
344-33,6
344-34,3
344-35,5
344-36,5
344-37,5
344-38,8
344-39,2
344-40,6
344-41,3
344-42,2
344-43,3
344-44,2
344-45,8
344-46,1
344-47,3
344-48,2
344-49,5
344-50,7
344-51,5
344-52,4
344-53,1
344-54,1
344-55,5
344-56,6
344-57,8
344-58,3
344-59,1
344-60,5
344-61,5
344-62,8
344-63,8
344-64,0
344-65,0
344-66,6
344-67,6
344-68,4
344-69,6
344-70,2
344-71,8
344-72,2
344-73,3
344-74,5
344-75,6
344-76,5
344-77,1
344-78,4
344-79,1
344-80,4
344-81,0
344-82,5
344-83,4
344-84,7
344-85,2
344-86,4
344-87,4
344-88,2
344-89,5
344-90,5
344-91,2
344-92,1
344-93,7
344-94,3
344-95,7
344-96,5
344-97,0
344-98,6
344-99,4
345-0,2
345-1,2
345-2,4
345-3,6
345-4,3
345-5,6
345-6,6
345-7,6
345-8,3
345-9,3
345-10,5
345-11,4
345-12,3
345-13,3
345-14,5
345-15,2
345-16,5
345-17,1
345-18,1
345-19,0
345-20,6
345-21,4
345-22,8
345-23,7
345-24,5
345-25,2
345-26,7
345-27,2
345-28,7
345-29,5
345-30,8
345-31,7
345-32,5
345-33,3
345-34,8
345-35,2
345-36,1
345-37,6
345-38,1
345-39,8
345-40,2
345-41,7
345-42,2
345-43,7
345-44,5
345-45,8
345-46,5
345-47,0
345-48,7
345-49,3
345-50,5
345-51,0
345-52,4
345-53,1
345-54,2
345-55,0
345-56,8
345-57,5
345-58,8
345-59,1
345-60,3
345-61,8
345-62,7
345-63,3
345-64,3
345-65,0
345-66,3
345-67,6
345-68,1
345-69,3
345-70,8
345-71,4
345-72,6
345-73,6
345-74,7
345-75,3
345-76,7
345-77,7
345-78,4
345-79,0
345-80,3
345-81,5
345-82,7
345-83,1
345-84,2
345-85,1
345-86,4
345-87,4
345-88,8
345-89,0
345-90,7
345-91,1
345-92,2
345-93,4
345-94,4
345-95,0
345-96,2
345-97,2
345-98,0
345-99,4
346-0,3
346-1,3
346-2,0
346-3,2
346-4,7
346-5,0
346-6,0
346-7,6
346-8,1
346-9,2
346-10,8
346-11,8
346-12,2
346-13,6
346-14,6
346-15,4
346-16,1
346-17,3
346-18,5
346-19,5
346-20,5
346-21,2
346-22,8
346-23,8
346-24,3
346-25,2
346-26,5
346-27,7
346-28,8
346-29,4
346-30,0
346-31,7
346-32,8
346-33,6
346-34,8
346-35,4
346-36,5
346-37,6
346-38,2
346-39,1
346-40,5
346-41,1
346-42,7
346-43,0
346-44,6
346-45,3
346-46,6
346-47,8
346-48,8
346-49,8
346-50,7
346-51,5
346-52,3
346-53,3
346-54,8
346-55,1
346-56,7
346-57,8
346-58,0
346-59,5
346-60,2
346-61,0
346-62,1
346-63,6
346-64,6
346-65,0
346-66,8
346-67,2
346-68,4
346-69,4
346-70,1
346-71,8
346-72,3
346-73,3
346-74,5
346-75,2
346-76,2
346-77,6
346-78,7
346-79,1
346-80,4
346-81,1
346-82,3
346-83,3
346-84,0
346-85,5
346-86,2
346-87,1
346-88,3
346-89,7
346-90,6
346-91,4
346-92,5
346-93,7
346-94,5
346-95,0
346-96,3
346-97,6
346-98,7
346-99,5
347-0,2
347-1,0
347-2,2
347-3,6
347-4,7
347-5,0
347-6,7
347-7,3
347-8,8
347-9,0
347-10,2
347-11,6
347-12,3
347-13,8
347-14,4
347-15,3
347-16,6
347-17,5
347-18,0
347-19,7
347-20,6
347-21,0
347-22,7
347-23,1
347-24,2
347-25,4
347-26,3
347-27,6
347-28,4
347-29,5
347-30,0
347-31,0
347-32,6
347-33,8
347-34,8
347-35,1
347-36,2
347-37,7
347-38,5
347-39,4
347-40,8
347-41,1
347-42,1
347-43,6
347-44,5
347-45,7
347-46,2
347-47,3
347-48,6
347-49,7
347-50,3
347-51,3
347-52,5
347-53,5
347-54,4
347-55,1
347-56,7
347-57,6
347-58,0
347-59,6
347-60,4
347-61,2
347-62,1
347-63,0
347-64,8
347-65,2
347-66,5
347-67,3
347-68,8
347-69,6
347-70,6
347-71,5
347-72,4
347-73,7
347-74,8
347-75,8
347-76,2
347-77,1
347-78,2
347-79,7
347-80,6
347-81,6
347-82,6
347-83,6
347-84,7
347-85,5
347-86,1
347-87,7
347-88,1
347-89,7
347-90,6
347-91,5
347-92,8
347-93,2
347-94,3
347-95,5
347-96,8
347-97,4
347-98,7
347-99,4
348-0,8
348-1,5
348-2,7
348-3,3
348-4,6
348-5,7
348-6,7
348-7,5
348-8,5
348-9,8
348-10,0
348-11,7
348-12,2
348-13,7
348-14,8
348-15,1
348-16,4
348-17,6
348-18,0
348-19,3
348-20,3
348-21,3
348-22,5
348-23,3
348-24,6
348-25,4
348-26,3
348-27,7
348-28,7
348-29,5
348-30,6
348-31,4
348-32,0
348-33,8
348-34,4
348-35,8
348-36,1
348-37,8
348-38,2
348-39,7
348-40,6
348-41,5
348-42,2
348-43,8
348-44,3
348-45,6
348-46,2
348-47,5
348-48,7
348-49,6
348-50,5
348-51,1
348-52,1
348-53,5
348-54,2
348-55,6
348-56,2
348-57,0
348-58,8
348-59,0
348-60,1
348-61,7
348-62,4
348-63,8
348-64,1
348-65,2
348-66,2
348-67,2
348-68,7
348-69,0
348-70,4
348-71,2
348-72,8
348-73,6
348-74,4
348-75,7
348-76,4
348-77,6
348-78,8
348-79,6
348-80,5
348-81,8
348-82,4
348-83,2
348-84,4
348-85,4
348-86,8
348-87,5
348-88,4
348-89,1
348-90,3
348-91,3
348-92,4
348-93,2
348-94,7
348-95,7
348-96,8
348-97,3
348-98,4
348-99,7
349-0,4
349-1,8
349-2,3
349-3,6
349-4,1
349-5,1
349-6,7
349-7,1
349-8,6
349-9,4
349-10,8
349-11,6
349-12,8
349-13,8
349-14,3
349-15,4
349-16,1
349-17,3
349-18,8
349-19,7
349-20,1
349-21,1
349-22,4
349-23,5
349-24,0
349-25,0
349-26,0
349-27,5
349-28,4
349-29,5
349-30,0
349-31,3
349-32,6
349-33,8
349-34,5
349-35,4
349-36,4
349-37,6
349-38,7
349-39,1
349-40,0
349-41,7
349-42,0
349-43,6
349-44,0
349-45,6
349-46,2
349-47,7
349-48,7
349-49,1
349-50,6
349-51,5
349-52,2
349-53,3
349-54,0
349-55,2
349-56,6
349-57,8
349-58,0
349-59,4
349-60,7
349-61,6
349-62,4
349-63,1
349-64,3
349-65,3
349-66,4
349-67,7
349-68,1
349-69,8
349-70,7
349-71,2
349-72,3
349-73,2
349-74,0
349-75,5
349-76,6
349-77,1
349-78,7
349-79,3
349-80,2
349-81,0
349-82,6
349-83,6
349-84,7
349-85,1
349-86,8
349-87,7
349-88,2
349-89,5
349-90,4
349-91,8
349-92,1
349-93,0
349-94,8
349-95,3
349-96,1
349-97,5
349-98,3
349-99,8
350-0,4
350-1,4
350-2,5
350-3,6
350-4,0
350-5,6
350-6,4
350-7,4
350-8,2
350-9,3
350-10,8
350-11,0
350-12,5
350-13,8
350-14,2
350-15,4
350-16,5
350-17,4
350-18,0
350-19,3
350-20,8
350-21,8
350-22,6
350-23,5
350-24,2
350-25,6
350-26,0
350-27,2
350-28,3
350-29,3
350-30,3
350-31,3
350-32,6
350-33,1
350-34,2
350-35,5
350-36,0
350-37,7
350-38,4
350-39,5
350-40,4
350-41,2
350-42,5
350-43,3
350-44,3
350-45,7
350-46,4
350-47,0
350-48,2
350-49,3
350-50,1
350-51,6
350-52,6
350-53,0
350-54,6
350-55,4
350-56,3
350-57,3
350-58,1
350-59,5
350-60,6
350-61,4
350-62,8
350-63,6
350-64,0
350-65,5
350-66,6
350-67,4
350-68,6
350-69,0
350-70,8
350-71,2
350-72,7
350-73,8
350-74,6
350-75,3
350-76,1
350-77,3
350-78,8
350-79,3
350-80,4
350-81,3
350-82,5
350-83,2
350-84,6
350-85,3
350-86,0
350-87,2
350-88,2
350-89,3
350-90,2
350-91,1
350-92,3
350-93,4
350-94,8
350-95,5
350-96,7
350-97,2
350-98,4
350-99,6
351-0,6
351-1,5
351-2,2
351-3,1
351-4,5
351-5,2
351-6,4
351-7,8
351-8,1
351-9,7
351-10,6
351-11,0
351-12,4
351-13,6
351-14,3
351-15,0
351-16,6
351-17,5
351-18,1
351-19,6
351-20,7
351-21,8
351-22,5
351-23,4
351-24,4
351-25,4
351-26,4
351-27,8
351-28,6
351-29,2
351-30,6
351-31,3
351-32,1
351-33,0
351-34,2
351-35,2
351-36,6
351-37,2
351-38,3
351-39,0
351-40,7
351-41,8
351-42,6
351-43,8
351-44,7
351-45,6
351-46,6
351-47,0
351-48,8
351-49,4
351-50,8
351-51,1
351-52,1
351-53,6
351-54,4
351-55,5
351-56,7
351-57,3
351-58,4
351-59,3
351-60,8
351-61,8
351-62,3
351-63,7
351-64,4
351-65,5
351-66,6
351-67,0
351-68,8
351-69,1
351-70,7
351-71,0
351-72,5
351-73,2
351-74,6
351-75,8
351-76,6
351-77,0
351-78,6
351-79,2
351-80,0
351-81,8
351-82,4
351-83,1
351-84,0
351-85,2
351-86,0
351-87,0
351-88,8
351-89,0
351-90,1
351-91,6
351-92,8
351-93,1
351-94,8
351-95,1
351-96,2
351-97,1
351-98,3
351-99,1
352-0,4
352-1,4
352-2,7
352-3,3
352-4,3
352-5,6
352-6,3
352-7,6
352-8,7
352-9,7
352-10,2
352-11,4
352-12,1
352-13,1
352-14,5
352-15,8
352-16,2
352-17,5
352-18,5
352-19,0
352-20,0
352-21,5
352-22,3
352-23,8
352-24,2
352-25,5
352-26,1
352-27,8
352-28,0
352-29,1
352-30,0
352-31,0
352-32,8
352-33,0
352-34,7
352-35,4
352-36,7
352-37,4
352-38,0
352-39,2
352-40,2
352-41,4
352-42,1
352-43,8
352-44,0
352-45,8
352-46,7
352-47,2
352-48,3
352-49,7
352-50,7
352-51,4
352-52,6
352-53,7
352-54,0
352-55,5
352-56,5
352-57,0
352-58,6
352-59,6
352-60,4
352-61,2
352-62,8
352-63,6
352-64,3
352-65,4
352-66,1
352-67,4
352-68,7
352-69,8
352-70,1
352-71,1
352-72,3
352-73,3
352-74,3
352-75,4
352-76,8
352-77,4
352-78,5
352-79,7
352-80,7
352-81,3
352-82,5
352-83,6
352-84,6
352-85,3
352-86,4
352-87,3
352-88,2
352-89,1
352-90,7
352-91,6
352-92,0
352-93,6
352-94,7
352-95,1
352-96,7
352-97,0
352-98,3
352-99,5
353-0,0
353-1,7
353-2,7
353-3,2
353-4,2
353-5,8
353-6,2
353-7,4
353-8,5
353-9,1
353-10,0
353-11,7
353-12,8
353-13,8
353-14,1
353-15,5
353-16,0
353-17,6
353-18,2
353-19,3
353-20,8
353-21,2
353-22,2
353-23,4
353-24,5
353-25,3
353-26,6
353-27,7
353-28,4
353-29,2
353-30,2
353-31,3
353-32,3
353-33,3
353-34,2
353-35,8
353-36,0
353-37,2
353-38,4
353-39,5
353-40,6
353-41,7
353-42,6
353-43,2
353-44,4
353-45,2
353-46,5
353-47,8
353-48,7
353-49,5
353-50,2
353-51,4
353-52,5
353-53,1
353-54,4
353-55,8
353-56,2
353-57,3
353-58,7
353-59,0
353-60,3
353-61,2
353-62,1
353-63,3
353-64,7
353-65,4
353-66,1
353-67,1
353-68,5
353-69,7
353-70,3
353-71,5
353-72,1
353-73,5
353-74,6
353-75,7
353-76,8
353-77,4
353-78,1
353-79,7
353-80,8
353-81,8
353-82,2
353-83,5
353-84,8
353-85,6
353-86,7
353-87,0
353-88,0
353-89,1
353-90,5
353-91,8
353-92,7
353-93,1
353-94,3
353-95,8
353-96,5
353-97,0
353-98,2
353-99,7
354-0,4
354-1,1
354-2,7
354-3,7
354-4,6
354-5,3
354-6,8
354-7,8
354-8,5
354-9,4
354-10,4
354-11,5
354-12,2
354-13,8
354-14,2
354-15,7
354-16,7
354-17,0
354-18,4
354-19,0
354-20,3
354-21,5
354-22,5
354-23,7
354-24,8
354-25,2
354-26,4
354-27,0
354-28,2
354-29,0
354-30,3
354-31,3
354-32,2
354-33,2
354-34,2
354-35,0
354-36,6
354-37,2
354-38,8
354-39,4
354-40,4
354-41,0
354-42,2
354-43,7
354-44,5
354-45,6
354-46,8
354-47,7
354-48,3
354-49,7
354-50,0
354-51,6
354-52,1
354-53,1
354-54,2
354-55,2
354-56,0
354-57,2
354-58,5
354-59,6
354-60,0
354-61,4
354-62,3
354-63,0
354-64,0
354-65,1
354-66,8
354-67,8
354-68,5
354-69,4
354-70,1
354-71,4
354-72,5
354-73,8
354-74,0
354-75,2
354-76,2
354-77,7
354-78,3
354-79,5
354-80,3
354-81,3
354-82,8
354-83,8
354-84,0
354-85,1
354-86,8
354-87,2
354-88,3
354-89,7
354-90,6
354-91,5
354-92,7
354-93,2
354-94,8
354-95,1
354-96,0
354-97,6
354-98,4
354-99,7
355-0,1
355-1,4
355-2,6
355-3,5
355-4,5
355-5,3
355-6,6
355-7,6
355-8,4
355-9,1
355-10,4
355-11,0
355-12,5
355-13,5
355-14,3
355-15,0
355-16,5
355-17,4
355-18,0
355-19,4
355-20,5
355-21,5
355-22,1
355-23,7
355-24,7
355-25,3
355-26,4
355-27,4
355-28,2
355-29,0
355-30,8
355-31,7
355-32,5
355-33,3
355-34,8
355-35,6
355-36,3
355-37,6
355-38,6
355-39,6
355-40,1
355-41,1
355-42,1
355-43,8
355-44,3
355-45,3
355-46,5
355-47,1
355-48,5
355-49,0
355-50,5
355-51,8
355-52,7
355-53,6
355-54,1
355-55,7
355-56,5
355-57,6
355-58,3
355-59,4
355-60,6
355-61,8
355-62,8
355-63,5
355-64,0
355-65,8
355-66,8
355-67,5
355-68,6
355-69,0
355-70,7
355-71,4
355-72,1
355-73,3
355-74,8
355-75,5
355-76,1
355-77,3
355-78,3
355-79,7
355-80,7
355-81,7
355-82,2
355-83,2
355-84,3
355-85,7
355-86,8
355-87,1
355-88,1
355-89,2
355-90,3
355-91,5
355-92,6
355-93,6
355-94,2
355-95,5
355-96,2
355-97,6
355-98,5
355-99,7
356-0,3
356-1,1
356-2,0
356-3,3
356-4,7
356-5,6
356-6,7
356-7,2
356-8,5
356-9,1
356-10,8
356-11,2
356-12,3
356-13,2
356-14,3
356-15,8
356-16,4
356-17,1
356-18,0
356-19,7
356-20,4
356-21,2
356-22,7
356-23,4
356-24,5
356-25,5
356-26,7
356-27,3
356-28,3
356-29,2
356-30,4
356-31,4
356-32,7
356-33,6
356-34,5
356-35,4
356-36,7
356-37,8
356-38,0
356-39,8
356-40,1
356-41,2
356-42,4
356-43,1
356-44,1
356-45,7
356-46,4
356-47,0
356-48,7
356-49,7
356-50,2
356-51,2
356-52,5
356-53,5
356-54,3
356-55,6
356-56,4
356-57,4
356-58,1
356-59,4
356-60,4
356-61,6
356-62,5
356-63,5
356-64,0
356-65,4
356-66,6
356-67,5
356-68,6
356-69,8
356-70,4
356-71,0
356-72,1
356-73,5
356-74,8
356-75,6
356-76,2
356-77,7
356-78,4
356-79,4
356-80,8
356-81,6
356-82,3
356-83,4
356-84,3
356-85,2
356-86,8
356-87,6
356-88,6
356-89,7
356-90,5
356-91,5
356-92,1
356-93,0
356-94,8
356-95,2
356-96,6
356-97,7
356-98,3
356-99,8
357-0,1
357-1,8
357-2,1
357-3,6
357-4,0
357-5,1
357-6,6
357-7,6
357-8,0
357-9,5
357-10,8
357-11,4
357-12,4
357-13,3
357-14,3
357-15,4
357-16,2
357-17,4
357-18,3
357-19,7
357-20,3
357-21,2
357-22,8
357-23,4
357-24,0
357-25,7
357-26,6
357-27,2
357-28,3
357-29,0
357-30,1
357-31,5
357-32,4
357-33,5
357-34,2
357-35,1
357-36,1
357-37,1
357-38,6
357-39,2
357-40,8
357-41,5
357-42,8
357-43,0
357-44,7
357-45,7
357-46,8
357-47,4
357-48,0
357-49,2
357-50,3
357-51,7
357-52,3
357-53,0
357-54,5
357-55,7
357-56,4
357-57,4
357-58,1
357-59,6
357-60,0
357-61,7
357-62,6
357-63,0
357-64,8
357-65,2
357-66,2
357-67,1
357-68,1
357-69,2
357-70,5
357-71,7
357-72,2
357-73,5
357-74,6
357-75,5
357-76,6
357-77,0
357-78,3
357-79,0
357-80,2
357-81,6
357-82,2
357-83,7
357-84,4
357-85,2
357-86,7
357-87,5
357-88,0
357-89,5
357-90,4
357-91,6
357-92,7
357-93,3
357-94,2
357-95,6
357-96,3
357-97,8
357-98,2
357-99,5
358-0,0
358-1,7
358-2,4
358-3,4
358-4,5
358-5,1
358-6,4
358-7,7
358-8,5
358-9,6
358-10,4
358-11,5
358-12,7
358-13,2
358-14,2
358-15,4
358-16,0
358-17,2
358-18,0
358-19,6
358-20,5
358-21,3
358-22,7
358-23,5
358-24,7
358-25,6
358-26,8
358-27,4
358-28,7
358-29,7
358-30,0
358-31,5
358-32,8
358-33,1
358-34,4
358-35,3
358-36,1
358-37,5
358-38,4
358-39,7
358-40,3
358-41,0
358-42,8
358-43,0
358-44,6
358-45,4
358-46,0
358-47,1
358-48,0
358-49,2
358-50,6
358-51,5
358-52,8
358-53,6
358-54,2
358-55,4
358-56,1
358-57,8
358-58,8
358-59,6
358-60,4
358-61,7
358-62,2
358-63,7
358-64,1
358-65,4
358-66,4
358-67,2
358-68,3
358-69,7
358-70,0
358-71,8
358-72,3
358-73,0
358-74,2
358-75,8
358-76,5
358-77,0
358-78,3
358-79,0
358-80,0
358-81,2
358-82,7
358-83,5
358-84,2
358-85,1
358-86,2
358-87,8
358-88,5
358-89,4
358-90,1
358-91,6
358-92,2
358-93,0
358-94,7
358-95,4
358-96,2
358-97,2
358-98,3
358-99,3
359-0,4
359-1,3
359-2,0
359-3,1
359-4,6
359-5,5
359-6,6
359-7,6
359-8,5
359-9,3
359-10,4
359-11,5
359-12,8
359-13,1
359-14,7
359-15,3
359-16,5
359-17,8
359-18,7
359-19,1
359-20,1
359-21,3
359-22,5
359-23,4
359-24,1
359-25,4
359-26,4
359-27,3
359-28,7
359-29,2
359-30,6
359-31,6
359-32,1
359-33,2
359-34,7
359-35,2
359-36,3
359-37,1
359-38,4
359-39,1
359-40,6
359-41,7
359-42,2
359-43,7
359-44,3
359-45,1
359-46,5
359-47,1
359-48,4
359-49,1
359-50,8
359-51,3
359-52,0
359-53,3
359-54,2
359-55,0
359-56,2
359-57,2
359-58,4
359-59,4
359-60,6
359-61,6
359-62,5
359-63,0
359-64,7
359-65,1
359-66,1
359-67,2
359-68,6
359-69,2
359-70,8
359-71,8
359-72,7
359-73,4
359-74,4
359-75,6
359-76,6
359-77,8
359-78,4
359-79,0
359-80,0
359-81,6
359-82,2
359-83,4
359-84,0
359-85,4
359-86,3
359-87,1
359-88,8
359-89,4
359-90,1
359-91,3
359-92,4
359-93,6
359-94,1
359-95,4
359-96,1
359-97,3
359-98,4
359-99,4
360-0,4
360-1,7
360-2,6
360-3,3
360-4,7
360-5,2
360-6,7
360-7,8
360-8,8
360-9,4
360-10,7
360-11,2
360-12,7
360-13,6
360-14,6
360-15,2
360-16,7
360-17,1
360-18,6
360-19,6
360-20,0
360-21,7
360-22,6
360-23,3
360-24,7
360-25,8
360-26,0
360-27,6
360-28,0
360-29,8
360-30,2
360-31,2
360-32,7
360-33,8
360-34,5
360-35,5
360-36,7
360-37,4
360-38,0
360-39,0
360-40,2
360-41,5
360-42,6
360-43,6
360-44,6
360-45,2
360-46,8
360-47,1
360-48,5
360-49,5
360-50,0
360-51,4
360-52,7
360-53,0
360-54,8
360-55,7
360-56,5
360-57,8
360-58,7
360-59,3
360-60,1
360-61,5
360-62,4
360-63,6
360-64,3
360-65,6
360-66,1
360-67,7
360-68,2
360-69,4
360-70,1
360-71,6
360-72,3
360-73,5
360-74,3
360-75,3
360-76,2
360-77,2
360-78,8
360-79,8
360-80,7
360-81,8
360-82,0
360-83,4
360-84,0
360-85,0
360-86,6
360-87,1
360-88,0
360-89,4
360-90,2
360-91,7
360-92,6
360-93,2
360-94,6
360-95,4
360-96,3
360-97,5
360-98,1
360-99,2
361-0,1
361-1,3
361-2,5
361-3,1
361-4,1
361-5,2
361-6,8
361-7,5
361-8,3
361-9,5
361-10,4
361-11,8
361-12,4
361-13,3
361-14,2
361-15,2
361-16,3
361-17,6
361-18,3
361-19,8
361-20,0
361-21,2
361-22,7
361-23,8
361-24,8
361-25,8
361-26,1
361-27,8
361-28,2
361-29,0
361-30,0
361-31,8
361-32,4
361-33,2
361-34,2
361-35,5
361-36,6
361-37,6
361-38,4
361-39,6
361-40,5
361-41,3
361-42,6
361-43,2
361-44,3
361-45,6
361-46,2
361-47,2
361-48,8
361-49,0
361-50,4
361-51,5
361-52,1
361-53,6
361-54,6
361-55,3
361-56,3
361-57,6
361-58,7
361-59,5
361-60,6
361-61,0
361-62,7
361-63,5
361-64,6
361-65,1
361-66,8
361-67,0
361-68,1
361-69,3
361-70,3
361-71,6
361-72,3
361-73,0
361-74,5
361-75,2
361-76,4
361-77,5
361-78,2
361-79,7
361-80,0
361-81,1
361-82,2
361-83,0
361-84,8
361-85,1
361-86,3
361-87,3
361-88,1
361-89,7
361-90,7
361-91,7
361-92,2
361-93,2
361-94,6
361-95,4
361-96,1
361-97,5
361-98,4
361-99,8
362-0,2
362-1,2
362-2,0
362-3,4
362-4,0
362-5,5
362-6,0
362-7,4
362-8,1
362-9,8
362-10,2
362-11,5
362-12,2
362-13,6
362-14,8
362-15,0
362-16,3
362-17,4
362-18,2
362-19,0
362-20,5
362-21,2
362-22,8
362-23,8
362-24,2
362-25,5
362-26,8
362-27,8
362-28,4
362-29,5
362-30,5
362-31,1
362-32,1
362-33,8
362-34,3
362-35,1
362-36,8
362-37,7
362-38,6
362-39,6
362-40,5
362-41,3
362-42,4
362-43,1
362-44,7
362-45,8
362-46,3
362-47,5
362-48,1
362-49,3
362-50,1
362-51,4
362-52,4
362-53,6
362-54,0
362-55,0
362-56,1
362-57,0
362-58,5
362-59,0
362-60,2
362-61,8
362-62,5
362-63,3
362-64,5
362-65,6
362-66,3
362-67,7
362-68,8
362-69,8
362-70,8
362-71,8
362-72,1
362-73,8
362-74,8
362-75,8
362-76,1
362-77,4
362-78,5
362-79,5
362-80,3
362-81,2
362-82,5
362-83,0
362-84,2
362-85,8
362-86,8
362-87,1
362-88,2
362-89,0
362-90,1
362-91,3
362-92,2
362-93,8
362-94,8
362-95,6
362-96,1
362-97,4
362-98,4
362-99,1
363-0,7
363-1,1
363-2,3
363-3,8
363-4,0
363-5,7
363-6,2
363-7,7
363-8,0
363-9,6
363-10,8
363-11,4
363-12,1
363-13,1
363-14,4
363-15,7
363-16,8
363-17,5
363-18,3
363-19,0
363-20,7
363-21,2
363-22,6
363-23,1
363-24,7
363-25,6
363-26,0
363-27,1
363-28,1
363-29,5
363-30,7
363-31,8
363-32,4
363-33,4
363-34,3
363-35,2
363-36,6
363-37,7
363-38,2
363-39,5
363-40,1
363-41,8
363-42,7
363-43,2
363-44,2
363-45,8
363-46,3
363-47,6
363-48,6
363-49,2
363-50,0
363-51,2
363-52,2
363-53,8
363-54,1
363-55,8
363-56,7
363-57,2
363-58,6
363-59,6
363-60,4
363-61,3
363-62,5
363-63,7
363-64,7
363-65,3
363-66,5
363-67,1
363-68,2
363-69,5
363-70,0
363-71,4
363-72,5
363-73,5
363-74,4
363-75,2
363-76,5
363-77,4
363-78,4
363-79,4
363-80,8
363-81,8
363-82,0
363-83,1
363-84,8
363-85,8
363-86,1
363-87,3
363-88,4
363-89,7
363-90,1
363-91,0
363-92,2
363-93,0
363-94,4
363-95,1
363-96,0
363-97,0
363-98,3
363-99,3
364-0,1
364-1,4
364-2,8
364-3,6
364-4,5
364-5,7
364-6,5
364-7,3
364-8,1
364-9,5
364-10,4
364-11,7
364-12,5
364-13,7
364-14,2
364-15,4
364-16,6
364-17,0
364-18,7
364-19,4
364-20,7
364-21,7
364-22,8
364-23,8
364-24,4
364-25,8
364-26,6
364-27,1
364-28,4
364-29,4
364-30,3
364-31,3
364-32,8
364-33,1
364-34,8
364-35,2
364-36,2
364-37,0
364-38,2
364-39,3
364-40,6
364-41,2
364-42,8
364-43,7
364-44,4
364-45,6
364-46,6
364-47,8
364-48,4
364-49,3
364-50,6
364-51,0
364-52,8
364-53,6
364-54,1
364-55,4
364-56,2
364-57,6
364-58,8
364-59,2
364-60,0
364-61,2
364-62,1
364-63,3
364-64,6
364-65,5
364-66,5
364-67,2
364-68,4
364-69,5
364-70,5
364-71,4
364-72,7
364-73,5
364-74,1
364-75,6
364-76,6
364-77,8
364-78,8
364-79,4
364-80,0
364-81,8
364-82,4
364-83,8
364-84,8
364-85,0
364-86,5
364-87,2
364-88,7
364-89,8
364-90,8
364-91,1
364-92,7
364-93,0
364-94,6
364-95,8
364-96,2
364-97,7
364-98,5
364-99,8
365-0,6
365-1,6
365-2,8
365-3,3
365-4,6
365-5,4
365-6,6
365-7,7
365-8,3
365-9,0
365-10,1
365-11,0
365-12,5
365-13,1
365-14,5
365-15,1
365-16,1
365-17,4
365-18,2
365-19,7
365-20,0
365-21,6
365-22,3
365-23,7
365-24,5
365-25,4
365-26,5
365-27,2
365-28,3
365-29,4
365-30,5
365-31,2
365-32,5
365-33,7
365-34,3
365-35,8
365-36,7
365-37,3
365-38,2
365-39,4
365-40,1
365-41,5
365-42,0
365-43,3
365-44,6
365-45,2
365-46,8
365-47,1
365-48,6
365-49,8
365-50,0
365-51,7
365-52,5
365-53,4
365-54,8
365-55,1
365-56,3
365-57,3
365-58,1
365-59,3
365-60,8
365-61,2
365-62,3
365-63,7
365-64,0
365-65,4
365-66,8
365-67,6
365-68,1
365-69,8
365-70,2
365-71,7
365-72,1
365-73,3
365-74,8
365-75,0
365-76,1
365-77,5
365-78,7
365-79,4
365-80,1
365-81,2
365-82,8
365-83,3
365-84,4
365-85,4
365-86,7
365-87,2
365-88,3
365-89,4
365-90,2
365-91,2
365-92,6
365-93,8
365-94,4
365-95,4
365-96,2
365-97,4
365-98,2
365-99,4
366-0,2
366-1,6
366-2,8
366-3,2
366-4,4
366-5,3
366-6,8
366-7,6
366-8,2
366-9,3
366-10,2
366-11,4
366-12,1
366-13,7
366-14,0
366-15,3
366-16,5
366-17,2
366-18,2
366-19,0
366-20,0
366-21,5
366-22,4
366-23,7
366-24,1
366-25,1
366-26,6
366-27,6
366-28,4
366-29,6
366-30,6
366-31,5
366-32,5
366-33,6
366-34,8
366-35,8
366-36,4
366-37,1
366-38,0
366-39,4
366-40,6
366-41,5
366-42,2
366-43,3
366-44,5
366-45,8
366-46,5
366-47,0
366-48,6
366-49,2
366-50,8
366-51,8
366-52,7
366-53,1
366-54,0
366-55,8
366-56,1
366-57,8
366-58,6
366-59,1
366-60,7
366-61,6
366-62,2
366-63,0
366-64,0
366-65,3
366-66,3
366-67,1
366-68,0
366-69,1
366-70,3
366-71,2
366-72,8
366-73,5
366-74,1
366-75,2
366-76,0
366-77,8
366-78,7
366-79,3
366-80,5
366-81,2
366-82,8
366-83,6
366-84,4
366-85,5
366-86,5
366-87,4
366-88,7
366-89,6
366-90,3
366-91,2
366-92,8
366-93,2
366-94,6
366-95,2
366-96,4
366-97,5
366-98,2
366-99,1
367-0,6
367-1,7
367-2,1
367-3,4
367-4,0
367-5,4
367-6,7
367-7,7
367-8,1
367-9,6
367-10,3
367-11,5
367-12,1
367-13,7
367-14,0
367-15,8
367-16,7
367-17,7
367-18,1
367-19,7
367-20,7
367-21,6
367-22,5
367-23,0
367-24,6
367-25,3
367-26,3
367-27,2
367-28,1
367-29,1
367-30,4
367-31,0
367-32,7
367-33,0
367-34,2
367-35,4
367-36,6
367-37,0
367-38,6
367-39,3
367-40,2
367-41,7
367-42,5
367-43,1
367-44,2
367-45,0
367-46,8
367-47,1
367-48,1
367-49,8
367-50,4
367-51,4
367-52,8
367-53,5
367-54,3
367-55,8
367-56,3
367-57,5
367-58,2
367-59,3
367-60,1
367-61,1
367-62,5
367-63,3
367-64,6
367-65,5
367-66,5
367-67,6
367-68,3
367-69,3
367-70,1
367-71,5
367-72,5
367-73,7
367-74,2
367-75,5
367-76,0
367-77,2
367-78,0
367-79,3
367-80,2
367-81,5
367-82,6
367-83,1
367-84,0
367-85,2
367-86,5
367-87,2
367-88,5
367-89,5
367-90,5
367-91,7
367-92,1
367-93,6
367-94,6
367-95,2
367-96,2
367-97,5
367-98,7
367-99,5
368-0,7
368-1,5
368-2,0
368-3,0
368-4,3
368-5,5
368-6,1
368-7,3
368-8,2
368-9,5
368-10,0
368-11,7
368-12,1
368-13,5
368-14,6
368-15,6
368-16,7
368-17,3
368-18,6
368-19,3
368-20,0
368-21,5
368-22,0
368-23,0
368-24,8
368-25,4
368-26,1
368-27,3
368-28,8
368-29,4
368-30,1
368-31,3
368-32,5
368-33,1
368-34,0
368-35,4
368-36,4
368-37,4
368-38,3
368-39,1
368-40,0
368-41,8
368-42,5
368-43,6
368-44,8
368-45,0
368-46,6
368-47,6
368-48,4
368-49,2
368-50,0
368-51,4
368-52,0
368-53,2
368-54,5
368-55,2
368-56,7
368-57,8
368-58,4
368-59,8
368-60,7
368-61,2
368-62,3
368-63,2
368-64,2
368-65,7
368-66,5
368-67,0
368-68,7
368-69,0
368-70,7
368-71,0
368-72,8
368-73,7
368-74,7
368-75,7
368-76,0
368-77,5
368-78,1
368-79,0
368-80,4
368-81,6
368-82,5
368-83,8
368-84,2
368-85,0
368-86,7
368-87,0
368-88,3
368-89,5
368-90,1
368-91,8
368-92,3
368-93,3
368-94,0
368-95,8
368-96,0
368-97,2
368-98,8
368-99,2
369-0,5
369-1,5
369-2,2
369-3,5
369-4,8
369-5,7
369-6,4
369-7,5
369-8,5
369-9,0
369-10,2
369-11,6
369-12,1
369-13,3
369-14,5
369-15,3
369-16,8
369-17,6
369-18,1
369-19,2
369-20,4
369-21,1
369-22,1
369-23,4
369-24,7
369-25,2
369-26,0
369-27,3
369-28,5
369-29,1
369-30,8
369-31,4
369-32,3
369-33,6
369-34,4
369-35,6
369-36,2
369-37,1
369-38,8
369-39,5
369-40,6
369-41,3
369-42,7
369-43,2
369-44,7
369-45,2
369-46,0
369-47,3
369-48,7
369-49,8
369-50,1
369-51,4
369-52,5
369-53,1
369-54,1
369-55,2
369-56,8
369-57,2
369-58,6
369-59,5
369-60,6
369-61,4
369-62,3
369-63,4
369-64,4
369-65,0
369-66,5
369-67,2
369-68,8
369-69,6
369-70,4
369-71,6
369-72,6
369-73,3
369-74,5
369-75,5
369-76,7
369-77,1
369-78,5
369-79,6
369-80,2
369-81,6
369-82,2
369-83,7
369-84,2
369-85,5
369-86,3
369-87,2
369-88,6
369-89,8
369-90,5
369-91,8
369-92,6
369-93,1
369-94,7
369-95,5
369-96,8
369-97,6
369-98,1
369-99,6
370-0,1
370-1,2
370-2,0
370-3,6
370-4,2
370-5,5
370-6,2
370-7,4
370-8,4
370-9,6
370-10,8
370-11,8
370-12,5
370-13,2
370-14,8
370-15,1
370-16,1
370-17,5
370-18,7
370-19,2
370-20,6
370-21,3
370-22,3
370-23,3
370-24,8
370-25,7
370-26,7
370-27,2
370-28,2
370-29,7
370-30,5
370-31,2
370-32,5
370-33,4
370-34,1
370-35,2
370-36,7
370-37,1
370-38,1
370-39,0
370-40,7
370-41,7
370-42,2
370-43,6
370-44,4
370-45,5
370-46,6
370-47,4
370-48,6
370-49,5
370-50,8
370-51,7
370-52,6
370-53,2
370-54,3
370-55,2
370-56,5
370-57,2
370-58,1
370-59,7
370-60,1
370-61,2
370-62,4
370-63,0
370-64,4
370-65,7
370-66,7
370-67,1
370-68,0
370-69,2
370-70,5
370-71,4
370-72,4
370-73,3
370-74,0
370-75,5
370-76,4
370-77,5
370-78,2
370-79,5
370-80,4
370-81,1
370-82,0
370-83,7
370-84,6
370-85,8
370-86,8
370-87,6
370-88,5
370-89,0
370-90,5
370-91,7
370-92,0
370-93,6
370-94,5
370-95,3
370-96,4
370-97,1
370-98,1
370-99,7
371-0,5
371-1,2
371-2,0
371-3,5
371-4,0
371-5,3
371-6,1
371-7,4
371-8,1
371-9,2
371-10,2
371-11,8
371-12,8
371-13,2
371-14,6
371-15,3
371-16,0
371-17,3
371-18,7
371-19,4
371-20,3
371-21,2
371-22,1
371-23,7
371-24,2
371-25,3
371-26,1
371-27,4
371-28,3
371-29,0
371-30,5
371-31,1
371-32,3
371-33,2
371-34,0
371-35,6
371-36,1
371-37,0
371-38,2
371-39,3
371-40,4
371-41,5
371-42,0
371-43,5
371-44,4
371-45,0
371-46,8
371-47,2
371-48,0
371-49,2
371-50,7
371-51,1
371-52,7
371-53,3
371-54,1
371-55,1
371-56,6
371-57,1
371-58,4
371-59,7
371-60,2
371-61,3
371-62,1
371-63,3
371-64,3
371-65,1
371-66,1
371-67,6
371-68,6
371-69,6
371-70,2
371-71,2
371-72,6
371-73,6
371-74,8
371-75,8
371-76,1
371-77,5
371-78,5
371-79,6
371-80,3
371-81,6
371-82,8
371-83,1
371-84,6
371-85,7
371-86,3
371-87,7
371-88,1
371-89,1
371-90,2
371-91,0
371-92,7
371-93,2
371-94,8
371-95,4
371-96,3
371-97,4
371-98,8
371-99,8
372-0,4
372-1,7
372-2,0
372-3,7
372-4,4
372-5,7
372-6,5
372-7,7
372-8,1
372-9,2
372-10,3
372-11,7
372-12,0
372-13,0
372-14,7
372-15,6
372-16,8
372-17,7
372-18,8
372-19,5
372-20,4
372-21,5
372-22,7
372-23,0
372-24,6
372-25,8
372-26,2
372-27,8
372-28,1
372-29,3
372-30,7
372-31,5
372-32,2
372-33,0
372-34,0
372-35,0
372-36,1
372-37,0
372-38,0
372-39,7
372-40,1
372-41,6
372-42,6
372-43,1
372-44,3
372-45,2
372-46,8
372-47,7
372-48,4
372-49,6
372-50,1
372-51,2
372-52,1
372-53,8
372-54,2
372-55,6
372-56,0
372-57,1
372-58,4
372-59,6
372-60,5
372-61,4
372-62,3
372-63,6
372-64,0
372-65,6
372-66,8
372-67,2
372-68,1
372-69,2
372-70,2
372-71,6
372-72,8
372-73,1
372-74,1
372-75,2
372-76,3
372-77,8
372-78,3
372-79,7
372-80,7
372-81,4
372-82,2
372-83,1
372-84,6
372-85,1
372-86,1
372-87,0
372-88,1
372-89,4
372-90,3
372-91,7
372-92,1
372-93,1
372-94,0
372-95,8
372-96,6
372-97,8
372-98,6
372-99,1
373-0,0
373-1,5
373-2,2
373-3,7
373-4,3
373-5,7
373-6,3
373-7,8
373-8,4
373-9,1
373-10,5
373-11,3
373-12,2
373-13,3
373-14,4
373-15,7
373-16,0
373-17,7
373-18,0
373-19,7
373-20,2
373-21,7
373-22,2
373-23,2
373-24,0
373-25,8
373-26,6
373-27,1
373-28,3
373-29,6
373-30,4
373-31,8
373-32,6
373-33,0
373-34,4
373-35,5
373-36,8
373-37,6
373-38,4
373-39,5
373-40,7
373-41,4
373-42,0
373-43,7
373-44,0
373-45,6
373-46,1
373-47,6
373-48,7
373-49,2
373-50,6
373-51,7
373-52,4
373-53,6
373-54,4
373-55,0
373-56,8
373-57,1
373-58,0
373-59,0
373-60,7
373-61,2
373-62,3
373-63,2
373-64,7
373-65,1
373-66,7
373-67,5
373-68,0
373-69,8
373-70,5
373-71,7
373-72,5
373-73,8
373-74,7
373-75,7
373-76,5
373-77,4
373-78,6
373-79,7
373-80,5
373-81,3
373-82,1
373-83,3
373-84,5
373-85,0
373-86,0
373-87,5
373-88,7
373-89,8
373-90,6
373-91,7
373-92,3
373-93,6
373-94,3
373-95,5
373-96,8
373-97,3
373-98,8
373-99,7
374-0,5
374-1,1
374-2,0
374-3,2
374-4,8
374-5,1
374-6,1
374-7,8
374-8,1
374-9,3
374-10,1
374-11,6
374-12,3
374-13,1
374-14,7
374-15,0
374-16,5
374-17,1
374-18,4
374-19,0
374-20,7
374-21,1
374-22,1
374-23,2
374-24,6
374-25,6
374-26,0
374-27,2
374-28,5
374-29,3
374-30,6
374-31,2
374-32,6
374-33,8
374-34,7
374-35,5
374-36,7
374-37,1
374-38,6
374-39,1
374-40,4
374-41,6
374-42,2
374-43,5
374-44,1
374-45,6
374-46,4
374-47,7
374-48,2
374-49,8
374-50,6
374-51,8
374-52,0
374-53,5
374-54,6
374-55,4
374-56,1
374-57,0
374-58,5
374-59,7
374-60,2
374-61,8
374-62,0
374-63,1
374-64,2
374-65,7
374-66,1
374-67,4
374-68,8
374-69,6
374-70,0
374-71,6
374-72,2
374-73,6
374-74,3
374-75,2
374-76,8
374-77,1
374-78,8
374-79,6
374-80,5
374-81,2
374-82,1
374-83,7
374-84,4
374-85,8
374-86,8
374-87,2
374-88,5
374-89,6
374-90,6
374-91,2
374-92,8
374-93,1
374-94,4
374-95,2
374-96,1
374-97,1
374-98,7
374-99,3
375-0,4
375-1,0
375-2,5
375-3,3
375-4,7
375-5,4
375-6,6
375-7,3
375-8,6
375-9,5
375-10,6
375-11,5
375-12,4
375-13,8
375-14,5
375-15,1
375-16,0
375-17,0
375-18,2
375-19,0
375-20,2
375-21,0
375-22,5
375-23,1
375-24,8
375-25,6
375-26,7
375-27,0
375-28,8
375-29,8
375-30,5
375-31,4
375-32,4
375-33,0
375-34,7
375-35,0
375-36,0
375-37,2
375-38,1
375-39,1
375-40,7
375-41,2
375-42,8
375-43,2
375-44,0
375-45,4
375-46,3
375-47,7
375-48,8
375-49,5
375-50,3
375-51,3
375-52,2
375-53,6
375-54,3
375-55,0
375-56,4
375-57,4
375-58,1
375-59,0
375-60,5
375-61,3
375-62,1
375-63,0
375-64,2
375-65,4
375-66,1
375-67,7
375-68,3
375-69,3
375-70,5
375-71,6
375-72,7
375-73,3
375-74,8
375-75,7
375-76,3
375-77,7
375-78,0
375-79,7
375-80,5
375-81,2
375-82,2
375-83,2
375-84,0
375-85,1
375-86,2
375-87,4
375-88,0
375-89,1
375-90,4
375-91,4
375-92,4
375-93,8
375-94,5
375-95,5
375-96,0
375-97,4
375-98,7
375-99,1
376-0,5
376-1,2
376-2,0
376-3,1
376-4,0
376-5,8
376-6,8
376-7,4
376-8,8
376-9,0
376-10,2
376-11,4
376-12,3
376-13,1
376-14,4
376-15,0
376-16,1
376-17,2
376-18,6
376-19,0
376-20,5
376-21,6
376-22,1
376-23,8
376-24,0
376-25,1
376-26,8
376-27,2
376-28,2
376-29,4
376-30,5
376-31,4
376-32,5
376-33,0
376-34,3
376-35,7
376-36,6
376-37,8
376-38,6
376-39,2
376-40,5
376-41,8
376-42,2
376-43,8
376-44,4
376-45,2
376-46,4
376-47,4
376-48,8
376-49,1
376-50,6
376-51,2
376-52,7
376-53,1
376-54,6
376-55,2
376-56,5
376-57,6
376-58,7
376-59,0
376-60,4
376-61,0
376-62,1
376-63,4
376-64,2
376-65,1
376-66,7
376-67,8
376-68,2
376-69,6
376-70,8
376-71,1
376-72,6
376-73,7
376-74,0
376-75,6
376-76,0
376-77,4
376-78,5
376-79,3
376-80,2
376-81,3
376-82,4
376-83,6
376-84,4
376-85,3
376-86,3
376-87,2
376-88,8
376-89,4
376-90,5
376-91,4
376-92,7
376-93,1
376-94,1
376-95,3
376-96,1
376-97,0
376-98,5
376-99,1
